,standard_names,Population (2020),lat,lng,Confirmed,stringency_index,Infection_rate
0,Afghanistan,39074280,33.93911,67.709953,46274.0,42.700514308828005,0.0417%
1,Albania,2877239,41.153332,20.168331,52004.0,55.330056482511445,0.6015%
2,Algeria,43984569,28.033886,1.6596259999999998,94371.0,59.9814435483871,0.0574%
3,Andorra,77287,42.506285,1.521801,7519.0,40.286863799283154,3.5012%
4,Angola,33032075,-11.202692,17.873887,16562.0,57.54110418984056,0.0177%
5,Argentina,45267449,-38.416097,-63.61667199999999,1531374.0,71.19912724014337,0.9188%
6,Australia,25550683,-25.274398,133.775136,27912.0,53.72421407624634,0.0366%
7,Austria,9015361,47.516231,14.550072,282456.0,43.81882573229515,1.9692%
8,Azerbaijan,10154978,40.143105,47.57692700000001,195422.0,64.81764349276976,0.7311%
9,Bahrain,1711057,26.0667,50.5577,89883.0,56.258461284142896,1.1041%
10,Bangladesh,164972348,23.684994,90.356331,498293.0,65.88301971326165,0.0596%
11,Barbados,287437,13.193887,-59.543198,307.0,45.0592128908664,0.0223%
12,Belarus,9448772,53.709807,27.953389,169648.0,13.849461469534056,0.4039%
13,Belgium,11598451,50.503887,4.469936,621039.0,51.15760125448029,2.6795%
14,Belize,398845,17.189877,-88.49765,9791.0,57.269841119762724,0.9871%
15,Benin,12175480,9.30769,2.315834,3491.0,38.033030651340994,0.0079%
16,Bhutan,773069,27.514162,90.433601,443.0,63.28589516129032,0.0160%
17,Bolivia,11700207,-16.290154,-63.588653,149149.0,75.05368279569895,0.3724%
18,Bosnia and Herzegovina,3277152,43.915886,17.679076000000006,104881.0,48.38589605734766,1.1538%
19,Botswana,2359585,-22.328474,24.684866,13014.0,50.94695726495727,0.1738%
20,Brazil,212821986,-14.235004,-51.92528,7162978.0,56.76168727598566,0.5923%
21,Brunei Darussalam,438202,4.535277,114.727669,152.0,38.28270519713262,0.0294%
22,Bulgaria,6939018,42.733883,25.48583,190027.0,40.57462541713016,1.3324%
23,Burkina Faso,20997293,12.238333,-1.561593,4832.0,36.016268817204306,0.0093%
24,Burundi,11948454,-3.373056,29.918886,751.0,11.83505376344086,0.0018%
25,Cabo Verde,557026,16.5388,-23.0418,11526.0,58.504911475713754,0.4971%
26,Cambodia,16758448,12.565679,104.990963,362.0,37.32130376344087,0.0006%
27,Cameroon,26655083,7.3697219999999986,12.354722,25472.0,42.27911379928317,0.0251%
28,Canada,37799407,56.130366,-106.346771,499256.0,53.23195340501794,0.3816%
29,Central African Republic,4843954,6.6111109999999975,20.939444,4936.0,39.59154121863799,0.0564%
30,Chad,16502877,15.454166,18.732207,1839.0,54.709094982078845,0.0043%
31,Chile,19144605,-35.675147,-71.542969,581135.0,62.41647849462367,0.8140%
32,China,1440297825,35.86166,104.195397,6665209.0,68.3918409961686,0.4504%
33,Colombia,50976248,4.570868,-74.297333,1482072.0,63.058106198244964,0.6269%
34,Congo Republic,5540555,-0.228021,15.827659,6200.0,51.503756272401425,0.0381%
35,Costa Rica,5102158,9.748917,-83.753428,157472.0,54.26021214930169,0.6757%
36,Cote d'Ivoire,26486282,7.5399889999999985,-5.547079999999999,43620.0,38.717856630824365,0.0842%
37,Croatia,4100719,45.1,15.2000001,190235.0,42.029851845187466,1.9296%
38,Cuba,11325391,21.521757,-77.78116700000002,9893.0,60.34829171301447,0.0142%
39,Cyprus,1208886,35.126413,33.429859,18131.0,52.80480542754737,0.5128%
40,Czech Republic,10712481,49.81749199999999,15.472962,610006.0,44.91155458134312,2.4676%
41,DR Congo,90003954,-4.0383330000000015,21.758664000000003,15089.0,44.1892882832777,0.0044%
42,Denmark,5795780,56.26392,9.501785,81002.0,44.63061472343008,0.5890%
43,Djibouti,990447,11.825138,42.590275,5780.0,45.54472670250897,0.2287%
44,Dominica,72017,15.414999,-61.37097600000001,88.0,35.82254928315413,0.0486%
45,Dominican Republic,10866667,18.735693,-70.162651,157929.0,63.0276899641577,0.3412%
46,Ecuador,17688599,-1.831239,-78.18340599999998,402468.0,58.51955620723363,0.7990%
47,Egypt,102659126,26.820553000000004,30.802498,124280.0,53.97214157706096,0.0422%
48,El Salvador,6491923,13.794185,-88.89653,42397.0,63.502197132616466,0.1570%
49,Eritrea,3554797,15.179384,39.78233400000001,741.0,67.30252419354838,0.0046%
50,Estonia,1326693,58.595272,25.0136071,20658.0,31.805988799283153,0.6294%
51,Eswatini,1162233,-26.522503000000004,31.465866,7202.0,55.05062498455073,0.1660%
52,Ethiopia,115434444,9.145,40.489673,119025.0,56.41842831541217,0.0300%
53,Fiji,897573,-17.713371,178.065032,46.0,51.240737547892714,0.0014%
54,Finland,5542237,61.92410999999999,25.7481511,47179.0,36.91560894821407,0.2673%
55,France,65298930,46.227638,2.213749,5352449.0,55.22379526634532,3.8312%
56,Gabon,2234448,-0.803689,11.609444,9400.0,59.3696418551477,0.1226%
57,Gambia,2427782,13.443182,-15.310139,6471.0,51.41526412062786,0.2121%
58,Georgia,3987805,32.1656221,-82.9000751,204003.0,59.67983691756272,2.4236%
59,Germany,83830972,51.165691,10.451526,1486839.0,51.202576072178964,0.6419%
60,Ghana,31181428,7.9465270000000015,-1.0231940000000002,53653.0,41.623758064516124,0.0570%
61,Greece,10413936,39.074208,21.824312,129584.0,53.019039920899765,0.6340%
62,Guatemala,17971382,15.783471,-90.23075899999999,132062.0,63.86283960573477,0.1764%
63,Guinea,13191279,9.945587,-9.696645,13511.0,50.12274551971327,0.0168%
64,Guyana,787215,4.860416000000002,-58.93018000000001,6096.0,61.75470325052527,0.2017%
65,Haiti,11426356,18.971187,-72.28521500000002,9648.0,45.51181405265109,0.0337%
66,Honduras,9931333,15.199998999999998,-86.241905,118312.0,73.69887544802866,0.2261%
67,Hungary,9655983,47.162494,19.5033041,295977.0,48.35916280435052,1.4685%
68,Iceland,341628,64.96305100000001,-19.020835,5604.0,39.25144623655914,0.6255%
69,India,1382345085,20.593684,78.96288,9462809.0,62.86949657869013,0.1896%
70,Indonesia,274021604,-0.789275,113.921327,650197.0,54.16391234087258,0.0470%
71,Iran,84176929,32.427908,53.68804599999999,1145651.0,47.64497559016192,0.4150%
72,Iraq,40372771,33.223191,43.679291,581811.0,64.34043607094303,0.3172%
73,Ireland,4947267,53.1423672,-7.692053599999999,78254.0,56.33191739498913,0.5114%
74,Israel,8678517,31.046051,34.851612,370240.0,57.991177573847494,1.5038%
75,Italy,60446035,41.87194,12.56738,2159937.0,58.36423869113832,1.5255%
76,Jamaica,2963429,18.109581,-77.297508,12039.0,60.89418684340624,0.1358%
77,Japan,126407422,36.204824,138.252924,193753.0,33.58606352737609,0.0377%
78,Jordan,10220604,36.15000420000001,-95.9882368,272737.0,56.92978046594984,1.4365%
79,Kazakhstan,18815231,48.019573,66.923684,190292.0,64.01022863247864,0.3617%
80,Kenya,53968739,-0.023559,37.906193,93761.0,61.17225278086763,0.0527%
81,Kuwait,4281320,29.31166,47.481766,147531.0,62.00876510938081,0.5377%
82,Kyrgyz Republic,6542426,41.20438,74.766098,78679.0,58.997873053392674,0.4631%
83,Laos,7293542,19.85627,102.495496,41.0,34.86785842293907,0.0002%
84,Latvia,1882408,56.879635,24.603189,29427.0,42.21489590285503,0.6562%
85,Lebanon,6819976,33.854721000000005,35.862285,154944.0,57.67989210233592,0.6850%
86,Lesotho,2145194,-29.609988,28.233608,2109.0,50.064246334310845,0.0269%
87,Liberia,5077411,6.4280550000000005,-9.429499000000002,1779.0,55.117610215053766,0.0097%
88,Libya,6887247,26.3351,17.228331,93772.0,70.09424990730443,0.3858%
89,Lithuania,2715340,55.169438,23.881275,107659.0,44.21212538623163,1.7125%
90,Luxembourg,627704,49.815273,6.1295829999999984,51656.0,43.160277777777786,2.7949%
91,Macau,650846,22.198745,113.543873,0.0,30.182466309367303,0.0000%
92,Madagascar,27808395,-18.766947,46.869107,17780.0,48.134994899365864,0.0311%
93,Malawi,19211425,-13.254307999999998,34.301525,6148.0,45.07561877394638,0.0149%
94,Malaysia,32436963,4.210483999999999,101.975766,65697.0,52.72671945259044,0.1053%
95,Mali,20346106,17.570692,-3.996166000000001,6120.0,38.867679211469536,0.0069%
96,Malta,441750,35.937496,14.375416,12917.0,45.67983833889506,0.8672%
97,Mauritania,4669775,21.00789,-10.940835,12046.0,36.391158774299484,0.0821%
98,Mauritius,1272140,-20.348404,57.55215200000001,858.0,28.68346684587814,0.0411%
99,Mexico,129166028,23.634501,-102.552784,1301546.0,57.26798417995303,0.1537%
100,Moldova,4032294,47.411631,28.369885,133360.0,52.570795173649735,0.7768%
101,Monaco,39290,43.73841760000001,7.424615799999999,154.0,54.186198553948834,0.1298%
102,Mongolia,3287242,46.862496,103.846656,953.0,58.62871656779138,0.0138%
103,Morocco,36985624,31.791702,-7.0926199999999975,412393.0,59.03802240143369,0.3711%
104,Mozambique,31398811,-18.665695,35.529562,17338.0,48.94489472871091,0.0153%
105,Myanmar,54473253,21.916221,95.955974,114198.0,62.30767473118278,0.0722%
106,Namibia,2548663,-22.95764,18.49041,18041.0,43.730991039426534,0.2127%
107,Nepal,29225196,28.394857,84.12400799999998,252724.0,65.82047175874429,0.3180%
108,Netherlands,17141544,52.132633,5.291265999999999,651745.0,47.008725317693056,1.3514%
109,New Zealand,4829021,-40.900557,174.88597099999996,5067.0,35.49257665925102,0.0477%
110,Nicaragua,6638075,12.865416,-85.207229,5938.0,12.43396230379434,0.0265%
111,Niger,24346468,17.607789,8.081666,3696.0,23.502411290322573,0.0049%
112,Nigeria,206984347,9.081999,8.675277000000001,77013.0,53.88597939068101,0.0084%
113,Norway,5428594,60.47202399999999,8.468945999999999,43207.0,41.18343996415771,0.2914%
114,Oman,5128058,21.4735329,55.975413,127019.0,62.03948037943394,0.7623%
115,Pakistan,221612785,30.375321000000003,69.34511599999999,454673.0,54.37084210851564,0.0636%
116,Palestine,5121112,31.952162,35.233154,119612.0,65.0271619700902,0.6632%
117,Panama,4326296,8.537981,-80.782127,206310.0,63.95873604710701,0.9362%
118,Papua New Guinea,8975531,-6.314992999999999,143.95555,943.0,43.042184750733135,0.0075%
119,Paraguay,7147553,-23.442503,-58.44383199999999,98296.0,63.71146684587814,0.3231%
120,Peru,33050211,-9.189967,-75.015152,989457.0,66.87426344086022,0.7252%
121,Philippines,109830324,12.879721,121.774017,456562.0,66.36012449017426,0.1161%
122,Poland,37839255,51.919438,19.145136,1182864.0,46.91368801755035,1.6599%
123,Portugal,10191409,39.39987199999999,-8.224454,392303.0,57.3200752688172,1.5384%
124,Qatar,2889284,25.354826,51.183884,141716.0,60.87263916697564,1.5056%
125,Romania,19214608,45.943161,24.96676,582786.0,49.84253145470276,1.2179%
126,Russia,145945524,61.52401,105.318756,2764843.0,50.60099820788531,0.4588%
127,Rwanda,13005303,-1.940278,29.873888,7105.0,59.72310862972154,0.0157%
128,San Marino,33944,43.94236,12.457777,3444.0,40.54930299097764,2.2154%
129,Saudi Arabia,34905942,23.885942,45.079162,360690.0,55.70150627240144,0.3024%
130,Senegal,16816539,14.497401000000002,-14.452362,17559.0,39.99995430107527,0.0205%
131,Serbia,8731081,44.016521,21.005859,292640.0,49.22372052280313,1.4716%
132,Seychelles,98453,-4.679574,55.491977,202.0,33.86058595970831,0.0711%
133,Sierra Leone,8004158,8.460555000000001,-11.779889,2486.0,35.48899103942652,0.0092%
134,Singapore,5858322,1.352083,103.819836,58386.0,49.63441750092696,0.3195%
135,Slovakia,5460109,48.669026,19.699024,146124.0,44.284193341604634,0.8840%
136,Slovenia,2078989,46.151241,14.995463,103555.0,47.30018637992831,1.9965%
137,Solomon Islands,689671,-9.64571,160.156194,17.0,31.102298170807074,0.0013%
138,Somalia,15965848,5.152149,46.199616,4662.0,32.94903494623656,0.0086%
139,South Africa,59436725,-30.559482,22.937506,901538.0,53.51385483870968,0.5754%
140,South Korea,51276977,35.90775700000001,127.766922,48570.0,47.322043853841116,0.0271%
141,South Sudan,11216250,6.8769918999999975,31.3069788,3228.0,52.814507358264045,0.0090%
142,Spain,46757980,40.46366700000001,-3.74922,2246032.0,55.975557347670254,0.9892%
143,Sri Lanka,21428970,7.873053999999999,80.77179699999998,36049.0,45.66225182301323,0.0622%
144,Sudan,44019263,12.862807,30.217636,22265.0,50.65156871832901,0.0104%
145,Suriname,587541,3.919305000000001,-56.02778299999999,5459.0,58.361363178935754,0.4058%
146,Sweden,10110233,60.12816100000001,18.643501,367120.0,47.712665898617495,1.2264%
147,Switzerland,8665615,46.818188,8.227511999999999,403989.0,41.89244809819552,1.9943%
148,Syria,17571053,34.80207499999999,38.99681500000001,9928.0,51.73650627240144,0.0123%
149,Taiwan,23824369,23.69781,120.960515,1629.0,24.497489533825448,0.0041%
150,Tajikistan,9573310,38.861034,71.276093,12888.0,33.46973068841924,0.0409%
151,Tanzania,60012400,-6.369028,34.888822,509.0,21.55558422939068,0.0008%
152,Thailand,69830779,15.870032,100.992541,4331.0,45.48047670250897,0.0023%
153,Timor-Leste,1322667,-8.874217,125.727539,31.0,31.38505892349524,0.0017%
154,Togo,8310934,8.619543,0.824782,3350.0,45.21020609318998,0.0077%
155,Trinidad and Tobago,1400283,10.691803,-61.222503,6955.0,59.1809872080089,0.1980%
156,Tunisia,11839918,33.886917,9.537499,117582.0,43.99149014336917,0.3497%
157,Turkey,84495243,38.963745,35.243322,1982090.0,53.58508741669283,1.5897%
158,Uganda,45974931,1.373333,32.290275,30391.0,61.061570016067236,0.0209%
159,Ukraine,43686577,48.379433,31.1655799,752343.0,52.4590469208211,0.8081%
160,United Arab Emirates,9910892,23.424076,53.847818,191150.0,46.89885363366704,0.3878%
161,United Kingdom,67948282,55.378051,-3.435973,2173896.0,56.888553272926714,0.9109%
162,United States,331341050,37.09024,-95.712891,17459296.0,56.0458798261126,1.3467%
163,Uruguay,3475842,-32.522779,-55.765835,12451.0,37.66480491551458,0.1753%
164,Uzbekistan,33551824,41.377491,64.585262,75675.0,50.968374551971316,0.0533%
165,Vanuatu,308337,-15.376706,166.959158,1.0,38.58962365591398,0.0003%
166,Venezuela,28421581,6.42375,-66.58973,109395.0,67.82868266735119,0.0999%
167,Vietnam,97490013,14.058324,108.277199,1410.0,56.78596385754894,0.0005%
168,Yemen,29935468,15.552727,48.516388,4023.0,29.630524926686213,0.0069%
169,Zambia,18468257,-13.133897,27.849332,18575.0,38.758279291805714,0.0332%
170,Zimbabwe,14899771,-19.015438,29.154857,12087.0,61.008550179211454,0.0223%
